t,x_ref,y_ref,y_bot_x,y_bot_y,xf,yf,theta
0.1500000,0.0000000,0.0000000,0.0000000,0.0000000,0.2167500,0.0000000,0.0000000
0.2500000,1.5844861,0.0748890,1.5844861,0.0748890,0.5961029,0.0207789,0.0474865
0.4000000,1.5633587,0.1865578,1.5633587,0.1865578,0.9710824,0.0726020,0.1376592
0.5500000,1.5136535,0.3391868,1.5136535,0.3391868,1.1910629,0.1392562,0.2481123
0.6500000,1.4606519,0.3391868,1.4606519,0.3391868,1.2799524,0.1945520,0.3452119
0.7500000,1.4180809,0.7225483,1.4606519,0.3391868,1.3298174,0.2345794,0.4110323
0.9000000,1.4606519,0.6267079,1.4606519,0.6267079,1.3759811,0.3832366,0.7560918
1.0500000,1.3437896,0.6267079,1.3437896,0.6267079,1.3606364,0.4983708,1.0489786
1.1500000,1.2575708,0.8010899,1.2575708,0.8010899,1.3307374,0.5796004,1.2596308
1.2500000,1.1601896,0.9452902,1.1601896,0.9452902,1.2952383,0.6600943,1.4457075
1.4000000,1.0525105,1.0695645,1.0525105,1.0695645,1.2269701,0.7860519,1.6916154
1.5000000,1.0525105,1.0695645,1.0525105,1.0695645,1.1787230,0.8637502,1.8111187
1.6500000,1.0525105,1.2330840,1.0525105,1.2330840,1.1300590,0.9883980,1.8569088
1.8000000,1.0525105,1.3542851,1.0525105,1.3542851,1.1001482,1.1164033,1.8334832
1.9000000,0.6320805,1.4074685,0.6320805,1.4074685,1.0255747,1.1852024,2.0164338
2.0000000,0.4918158,1.4605610,0.4918158,1.4605610,0.9180584,1.2440175,2.2348796
2.1500000,0.3958022,1.4605610,0.3958022,1.4605610,0.7549326,1.3261177,2.4485865
2.2500000,0.2489732,1.4605610,0.2489732,1.4605610,0.6559042,1.3629450,2.5553271
2.4000000,0.2489732,1.4605610,0.2489732,1.4605610,0.4997819,1.4000900,2.7106075
2.5500000,0.0999342,1.5244849,0.0999342,1.5244849,0.3456242,1.4480331,2.7685196
2.6500000,0.0999342,1.5724279,0.0999342,1.5724279,0.2774893,1.4764229,2.7620957
2.7500000,0.0999342,1.5720731,0.0999342,1.5720731,0.2282450,1.5030531,2.7414497
2.9000000,-0.3958022,1.5720731,-0.3958022,1.5720731,0.1787435,1.5296817,2.7250327
3.0500000,-0.3958022,1.5161120,-0.3958022,1.5161120,-0.0413690,1.5454703,2.9199775
3.1500000,-0.3958022,1.5161120,-0.3958022,1.5161120,-0.1391612,1.5372173,3.0107826
3.2500000,-0.6320805,1.4883819,-0.6320805,1.4883819,-0.2753469,1.5236079,3.1034108
3.4000000,-0.7667348,1.4415337,-0.7667348,1.4415337,-0.4499718,1.4970169,3.1967017
3.5500000,-0.8945835,1.4415337,-0.8945835,1.4415337,-0.6076265,1.4756109,3.2304954
3.6500000,-1.0525105,1.4415337,-1.0525105,1.4415337,-0.6872534,1.4661548,3.2378059
3.8000000,-1.1253954,1.4415337,-1.1253954,1.4415337,-0.8357100,1.4097074,3.3804964
3.9000000,-1.1253954,1.4415337,-1.1253954,1.4415337,-0.9155941,1.4186438,3.2943304
4.0000000,-1.2263099,1.2280127,-1.2263099,1.2280127,-1.0008322,1.3659432,3.4146443
4.1500000,-1.3163396,1.0612981,-1.3163396,1.0612981,-1.1110959,1.2671125,3.6073162
4.2500000,-1.4180809,1.0612981,-1.4180809,1.0612981,-1.1676669,1.2102074,3.6867427
4.4000000,-1.4797852,0.8235933,-1.4797852,0.8235933,-1.2642951,1.1527472,3.6838789
4.5000000,-1.4797852,0.8235933,-1.4797852,0.8235933,-1.3228897,1.0622281,3.8286541
4.6500000,-1.4797852,0.5389194,-1.4797852,0.5389194,-1.3807968,0.8939200,4.0991634
4.8000000,-1.5532198,0.5389194,-1.5532198,0.5389194,-1.4391269,0.7573008,4.1812086
4.9000000,-1.5789996,0.3691967,-1.5789996,0.3691967,-1.4778041,0.6498496,4.2449314
5.0000000,-1.5789996,0.1297930,-1.5789996,0.1297930,-1.5056038,0.5366731,4.3280746
5.1500000,-1.5844861,-0.0099925,-1.5844861,-0.0099925,-1.5338031,0.3800050,4.4190335
5.3000000,-1.5844861,-0.1892280,-1.5844861,-0.1892280,-1.5513512,0.1942004,4.5231517
5.4000000,-1.5844861,-0.1892280,-1.5844861,-0.1892280,-1.5605325,0.0878755,4.5565427
5.5000000,-1.5415480,-0.1892280,-1.5415480,-0.1892280,-1.5552376,0.0111762,4.6101080
5.6500000,-1.4974583,-0.1892280,-1.4974583,-0.1892280,-1.5377011,-0.0658560,4.6894463
5.7500000,-1.4974583,-0.5892182,-1.4974583,-0.5892182,-1.5265330,-0.0999884,4.7281543
5.9000000,-1.3437896,-0.7210065,-1.3437896,-0.7210065,-1.5153143,-0.2887484,4.7503015
6.0000000,-1.3437896,-0.7210065,-1.3437896,-0.7210065,-1.4678170,-0.4075455,4.8790429
6.1500000,-1.3437896,-0.9118555,-1.3437896,-0.9118555,-1.4199830,-0.5813248,4.9237870
6.3000000,-1.1938388,-0.9118555,-1.1938388,-0.9118555,-1.3330211,-0.7230703,5.0839442
6.4000000,-1.0894906,-1.0360226,-1.0894906,-1.0360226,-1.2656941,-0.8093308,5.1795083
6.5000000,-0.9754719,-1.0360226,-0.9754719,-1.0360226,-1.2001069,-0.8715068,5.2774650
6.6500000,-0.8101646,-1.2029680,-0.8101646,-1.2029680,-1.1137591,-0.9345157,5.3940966
6.7500000,-0.7225483,-1.2029680,-0.7225483,-1.2029680,-1.0296526,-1.0088449,5.4500136
6.9000000,-0.7225483,-1.2029680,-0.7225483,-1.2029680,-0.9114927,-1.0834047,5.5566562
7.0000000,-0.7225483,-1.4105809,-0.7225483,-1.4105809,-0.8595716,-1.1737048,5.4557031
7.1500000,-0.3958022,-1.4105809,-0.3958022,-1.4105809,-0.7589830,-1.2636534,5.5134846
7.3000000,-0.2982266,-1.4105809,-0.2982266,-1.4105809,-0.5929225,-1.3388762,5.6857640
7.4000000,-0.0999342,-1.4994949,-0.0999342,-1.4994949,-0.5116411,-1.3584622,5.7777683
7.5500000,-0.0999342,-1.5685358,-0.0999342,-1.5685358,-0.3530098,-1.4231171,5.8274489
7.6500000,-0.0999342,-1.5685358,-0.0999342,-1.5685358,-0.2827984,-1.4634623,5.8108843
7.7500000,-0.0999342,-1.5804985,-0.0999342,-1.5804985,-0.2320680,-1.4944071,5.7964362
7.9000000,-0.0999342,-1.5676437,-0.0999342,-1.5676437,-0.1810858,-1.5240578,5.7894090
8.0000000,-0.0999342,-1.5381771,-0.0999342,-1.5381771,-0.0798652,-1.5288797,5.9356789
8.1500000,-0.0999342,-1.4943832,-0.0999342,-1.4943832,-0.0876515,-1.5258826,5.9359890
8.2500000,-0.0999342,-1.4943832,-0.0999342,-1.4943832,-0.0910963,-1.5171287,5.9596408
8.4000000,-0.0999342,-1.4371565,-0.0999342,-1.4371565,-0.0948732,-1.4861636,6.0548180
8.5000000,0.8527948,-1.4371565,0.8527948,-1.4371565,0.1654171,-1.4721204,6.2456711
8.6500000,1.0144918,-1.4371565,1.0144918,-1.4371565,0.4547638,-1.4586261,6.3023829
8.7500000,1.0894906,-1.2986730,1.0894906,-1.2986730,0.6205669,-1.4319330,6.3793238
8.9000000,1.0894906,-1.1140512,1.0894906,-1.1140512,0.7994257,-1.3532261,6.5615128
9.0000000,1.2875905,-1.1140512,1.2875905,-1.1140512,0.8788441,-1.2872209,6.6893222
9.1500000,1.2875905,-1.1140512,1.2875905,-1.1140512,1.0365688,-1.2203992,6.6867837
9.2500000,1.3946854,-0.9403930,1.3946854,-0.9403930,1.1218224,-1.1650499,6.7449625
9.4000000,1.3946854,-0.7433348,1.3946854,-0.7433348,1.2248082,-1.0251519,6.9766662
9.5500000,1.4974583,-0.6412265,1.4974583,-0.6412265,1.3184012,-0.8885100,7.0997596
9.6500000,1.5415480,-0.5185144,1.5415480,-0.5185144,1.3745213,-0.8016865,7.1579488
9.8000000,1.5719548,-0.5185144,1.5719548,-0.5185144,1.4434561,-0.6925139,7.2054560
9.9000000,1.5719548,-0.5185144,1.5719548,-0.5185144,1.4791143,-0.6442293,7.2078185
10.0500000,1.5719548,-0.1671224,1.5719548,-0.1671224,1.5137401,-0.5000487,7.3860370
10.1500000,1.5884089,-0.1335283,1.5884089,-0.1335283,1.5321589,-0.4030607,7.4693948
10.2500000,1.5789996,-0.1665012,1.5789996,-0.1665012,1.5463144,-0.3333212,7.5104691
10.4000000,1.5415480,-0.2811517,1.5415480,-0.2811517,1.5589141,-0.2689865,7.5408683
10.5000000,1.5415480,-0.2811517,1.5415480,-0.2811517,1.5540921,-0.2723716,7.5527306
10.6500000,1.4974583,-0.2811517,1.4974583,-0.2811517,1.5369750,-0.2759062,7.6040743
10.7500000,1.4400770,-0.4794003,1.4400770,-0.4794003,1.5173766,-0.3072061,7.6435971
10.9000000,1.3699135,-0.6447824,1.3699135,-0.6447824,1.4769745,-0.3987484,7.7190594
11.0000000,1.2875905,-0.7901358,1.2875905,-0.7901358,1.4472283,-0.4673745,7.7905590
11.1500000,1.2263099,-0.9023138,1.2263099,-0.9023138,1.3765973,-0.6113868,8.0295341
11.3000000,1.0894906,-1.1601896,1.2263099,-1.0312517,1.3196306,-0.7268734,8.3123947
11.4000000,1.0894906,-1.0312517,1.0894906,-1.0312517,1.2598571,-0.8173596,8.6378804
11.5000000,1.0894906,-1.2009910,1.0894906,-1.2009910,1.2185108,-0.9065729,8.9572857
11.6500000,0.8945835,-1.2586653,0.8945835,-1.2586653,1.1248770,-1.0386503,9.4543064
11.8000000,0.7225483,-1.3383731,0.7225483,-1.3383731,1.0131643,-1.1350633,9.7204473
11.9000000,0.7225483,-1.4300822,0.7225483,-1.4300822,0.9202196,-1.2093457,9.8559613
12.0500000,0.4918158,-1.4718678,0.4918158,-1.4718678,0.8098897,-1.3005058,9.9498033
12.1500000,0.4918158,-1.4718678,0.4918158,-1.4718678,0.7216296,-1.3480557,9.9403468
12.3000000,0.3471858,-1.4718678,0.3471858,-1.4718678,0.5774075,-1.3956921,9.8568980
12.4000000,0.1497780,-1.5281769,0.1497780,-1.5281769,0.4840144,-1.4252313,9.8187074
12.5000000,-0.0000000,-1.5281769,-0.0000000,-1.5281769,0.3913154,-1.4537779,9.7904338
12.6500000,-0.1497780,-1.5563315,-0.1497780,-1.5563315,0.2405540,-1.4824039,9.7141576
12.7500000,-0.1497780,-1.5563315,-0.1497780,-1.5563315,0.1323148,-1.5028967,9.6800744
12.9000000,-0.1497780,-1.5680490,-0.1497780,-1.5680490,0.0234658,-1.5280364,9.6707753
13.0000000,-0.3958022,-1.5547985,-0.3958022,-1.5547985,-0.0926045,-1.5354006,9.6070508
13.1500000,-0.5391181,-1.5261284,-0.5391181,-1.5261284,-0.2490425,-1.5348825,9.5238277
13.3000000,-0.6776488,-1.4831027,-0.6776488,-1.4831027,-0.3990533,-1.5195438,9.4365931
13.4000000,-0.8527948,-1.4134462,-0.8527948,-1.4134462,-0.4762815,-1.5094315,9.4021946
13.5000000,-0.8527948,-1.4134462,-0.8527948,-1.4134462,-0.5803849,-1.4828150,9.3283688
13.6500000,-0.9354893,-1.4134462,-0.9354893,-1.4134462,-0.7083757,-1.4560554,9.2884289
13.7500000,-1.0525105,-1.3036425,-1.0525105,-1.3036425,-0.8033382,-1.4138530,9.2000976
13.9000000,-1.1938388,-1.1780765,-1.1938388,-1.1780765,-0.9201187,-1.3526535,9.0989603
14.0500000,-1.2875905,-1.0567829,-1.2875905,-1.0567829,-1.0390858,-1.2673909,8.9737091
14.1500000,-1.2875905,-0.8718192,-1.2875905,-0.8718192,-1.1077470,-1.2091022,8.9040613
14.2500000,-1.2875905,-0.7598660,-1.2875905,-0.7598660,-1.1559175,-1.1166649,8.7306351
14.4000000,-1.2875905,-0.7598660,-1.2875905,-0.7598660,-1.2053744,-0.9803196,8.5201275
14.5000000,-1.4974583,-0.6494921,-1.4974583,-0.6494921,-1.2595131,-0.9027940,8.5095744
14.6500000,-1.5283549,-0.5467601,-1.5283549,-0.5467601,-1.3598769,-0.7765777,8.5133719
14.7500000,-1.5633587,-0.4224934,-1.5633587,-0.4224934,-1.4118141,-0.6942507,8.4827681
14.9000000,-1.5633587,-0.1805740,-1.5633587,-0.1805740,-1.4702482,-0.5894479,8.4408516
15.0500000,-1.5633587,-0.1805740,-1.5633587,-0.1805740,-1.5056186,-0.4326416,8.2800715
15.1500000,-1.5633587,-0.0076497,-1.5633587,-0.0076497,-1.5213624,-0.3153921,8.1770744
15.2500000,-1.5789996,0.0959122,-1.5789996,0.0959122,-1.5352957,-0.2146767,8.1197671
15.4000000,-1.5633587,0.1970694,-1.5633587,0.1970694,-1.5477573,-0.0670241,8.0422936
15.5500000,-1.5136535,0.3444426,-1.5136535,0.3444426,-1.5462679,0.0566281,7.9669527
15.6500000,-1.4606519,0.4882616,-1.4606519,0.4882616,-1.5371976,0.1362795,7.9108704
15.7500000,-1.4606519,0.6639766,-1.4606519,0.6639766,-1.5159445,0.2334868,7.8288307
15.9000000,-1.4606519,0.6639766,-1.4606519,0.6639766,-1.4946127,0.3995049,7.7815276
16.0000000,-1.3163396,0.7792801,-1.3163396,0.7792801,-1.4636247,0.4893948,7.7014093
16.1500000,-1.2263099,0.7792801,-1.2263099,0.7792801,-1.3935640,0.6000935,7.5436981
16.2500000,-1.1253954,0.9523377,-1.1253954,0.9523377,-1.3473488,0.6492708,7.4519747
16.4000000,-1.0525105,1.0730883,-1.0525105,1.0730883,-1.2509472,0.7839557,7.3533061
16.5000000,-1.0525105,1.0730883,-1.0525105,1.0730883,-1.1959118,0.8641354,7.3232806
16.6500000,-1.0525105,1.2339650,-1.0525105,1.2339650,-1.1407006,0.9891908,7.3732587
16.8000000,-0.8101646,1.3019392,-0.8101646,1.3019392,-1.0137122,1.1089474,7.2156653
16.9000000,-0.8101646,1.4055425,-0.8101646,1.4055425,-0.9572330,1.1912455,7.2269138
17.0000000,-0.8101646,1.4744793,-0.8101646,1.4744793,-0.9164666,1.2609898,7.2528343
17.1500000,-0.3471858,1.5138495,-0.3471858,1.5138495,-0.8754819,1.3433178,7.2912487
17.3000000,-0.3471858,1.5138495,-0.3471858,1.5138495,-0.6755409,1.4045289,6.9190006
17.4000000,-0.3471858,1.5627121,-0.3471858,1.5627121,-0.5846102,1.4482925,6.8615340
17.5500000,-0.0499918,1.5767381,-0.0499918,1.5767381,-0.4117634,1.4956431,6.7037952
17.6500000,-0.0499918,1.5854912,-0.0499918,1.5854912,-0.3115954,1.5193656,6.6454017
17.8000000,0.1994740,1.5822454,0.1994740,1.5822454,-0.1420027,1.5437926,6.5386301
17.9000000,0.3958022,1.5822454,0.3958022,1.5822454,-0.0473612,1.5544344,6.4967868
18.0000000,0.3958022,1.5822454,0.3958022,1.5822454,0.0754052,1.5621108,6.4412752
18.1500000,0.5391181,1.5822454,0.5391181,1.5822454,0.2386971,1.5698651,6.3906624
18.2500000,0.5391181,1.4756191,0.5391181,1.4756191,0.3215085,1.5572633,6.3204492
18.4000000,0.7667348,1.4351522,0.7667348,1.4351522,0.4678685,1.5145477,6.1863328
18.5500000,0.8945835,1.3757459,0.8945835,1.3757459,0.6179530,1.4599561,6.0743177
18.6500000,1.0144918,1.3010279,1.0144918,1.3010279,0.7125316,1.4254205,6.0294238
18.7500000,1.0144918,1.3010279,1.0144918,1.3010279,0.7962279,1.3909284,5.9912376
18.9000000,1.0144918,1.1693035,1.0144918,1.1693035,0.8792967,1.3058454,5.8211009
19.0000000,1.2263099,1.1693035,1.2263099,1.1693035,0.9755456,1.2679780,5.8485803
19.1500000,1.3437896,1.1693035,1.3437896,1.1693035,1.0898096,1.2299552,5.8909777
19.2500000,1.3437896,0.8342371,1.3437896,0.8342371,1.1602070,1.2131570,5.9266802
19.4000000,1.4606519,0.7331588,1.4606519,0.7331588,1.2434461,1.0396159,5.5533641
19.5500000,1.4606519,0.7331588,1.4606519,0.7331588,1.3270004,0.9216121,5.4618328
19.6500000,1.5283549,0.5885935,1.5283549,0.5885935,1.3826690,0.8294340,5.3947950
19.8000000,1.5633587,0.5885935,1.5633587,0.5885935,1.4485735,0.7365316,5.3746775
19.9000000,1.5633587,0.2594819,1.5633587,0.2594819,1.4795213,0.6473578,5.2731172
